<?xml version="1.0" encoding="UTF-8"?>
<!DOCTYPE mapper
  PUBLIC "-//mybatis.org//DTD Mapper 3.0//EN"
  "http://mybatis.org/dtd/mybatis-3-mapper.dtd">
<mapper namespace="com.project.mapper.BoardMapper">
	<select id="selectNoticeContent" parameterType="String" resultType="ntMain">
		<![CDATA[
		select tp.*
		from(
		select nnnp.*, ceil(rwno/5) as pageNo
		from(
		select nnp.*, rownum as rwno
		from (
		select n.noticeno as noticeno,
		n.title as title, substr((REGEXP_REPLACE(n.content, '<[^>]*>', '')),0,200) ||
		case when length(REGEXP_REPLACE(n.content, '<[^>]*>', ''))> 200 then '...' else '' end as content, photopath,
		n.writer as writer, to_char(n.wdate,'YYYY/MM/DD') as wdate
		from notice n, 
		
		(select 
		distinct(noticeno),
		first_value(photopath) over(partition by noticeno order by noticeno) as photopath
		from noticephoto
		) np
		where n.noticeno = np.noticeno(+)
		order by n.wdate desc
		) nnp
		) nnnp
		) tp
		where pageNo = #{pageNo}
		]]>
	</select>
	<select id="selectNoticeCount" resultType="int">
		select count(*) from notice
	</select>
	<select id="selectImageFile" parameterType="String" resultType="String">
		select photopath from NOTICEPHOTO where photono = #{photono}
	</select>
	<select id="selectBoardImageNo" resultType="String">
		select ntphotono_seq.nextval from dual
	</select>
	<insert id="insertBoardImage" parameterType="map">
		insert into NOTICEPHOTO values(#{photono},#{path},#{noticeno})
	</insert>
	<select id="selectNoticeNo" resultType="String">
		select noticeno_seq.nextval from dual
	</select>
	<insert id="insertNoticeBoard" parameterType="notice">
		insert into notice(noticeno,title,content,wdate,writer)
		values(#{noticeno},#{title},#{content},sysdate,#{writer})
	</insert>
	<insert id="insertFileList" parameterType="file">
		insert into noticefile
		values(#{productno},#{productphotono},#{photopath})
	</insert>
</mapper>