<?xml version="1.0" encoding="UTF-8"?>
<!DOCTYPE mapper
  PUBLIC "-//mybatis.org//DTD Mapper 3.0//EN"
  "http://mybatis.org/dtd/mybatis-3-mapper.dtd">
<mapper namespace="com.project.mapper.ProductMapper">
	
	<!-- <select id="selectProductList" resultType="product">
 		SELECT P.PRODUCTNO,P.PRODUCTNAME,PC.CATEGORYNAME,PS.SIZEKIND,PCO.COLORNAME,P.COST,P.PRICE,P.INQUANTITY,P.PRODUCTSTOCK,P.RECEIVINGDATE 
        FROM PRODUCT P ,PRODUCTCATEGORY PC, PRODUCTCOLOR PCO, PRODUCTSIZE PS
        WHERE P.PRODUCTNO = PC.PRODUCTNO(+) AND P.PRODUCTNO = PCO.PRODUCTNO(+) AND P.PRODUCTNO = PS.PRODUCTNO
 	</select> -->
	<select id="selectProductList" resultType="product">
 		select * from product
 	</select>
	<select id="selectProductDTO" parameterType="String" resultType="product">
 		select * from PRODUCT where PRODUCTNO = ${productno}
 	</select>
	<select id="selectFilePath" parameterType="String" resultType="file">
 		select * from PRODUCTPHOTO where PRODUCTNO = #{productno}
 	</select>
 	<select id="selectProductNO" resultType="String">
 		select product_no.nextval from dual
 	</select>
 	<select id="selectFile" parameterType="map" resultType="String">
 		select photopath from PRODUCTPHOTO where PRODUCTNO = #{productno} and PRODUCTPHOTONO = #{productphotono}
 	</select>
 	<delete id="deleteProduct" parameterType="String">
			DELETE FROM PRODUCT WHERE PRODUCTNO = #{INDEX}
	</delete>
	<!-- insertProduct -->
	<insert id="insertProduct" parameterType="product">
	insert into product(PRODUCTNO,PRODUCTNAME,RECEIVINGDATE,PRODUCTSTOCK,INQUANTITY,COST,PRICE,color,category,sizename) 
	values(#{productno},#{productname},#{receivingdate},#{productstock},#{inquantity},#{cost},#{price},#{color},#{category},#{sizename}) 
	</insert>
	<insert id="insertFileList" parameterType="file">
 		insert into PRODUCTPHOTO(productno,productphotono,photopath)
 		values(#{productno},#{productphotono},#{photopath})
 	</insert>
 	<select id="selectcategoryList" resultType="category">
 		SELECT * from productcategory
 	</select>
 	
	<insert id="insertCartProduct" parameterType="cart">
		insert into cart(productname, colorno, quantity, sizeno, memberid, cartdate)
		values(#{productname},#{colorno}, #{quantity} ,#{sizeno}, #{memberid},
		sysdate)
	</insert>
 	<select id="selectCartProduct" parameterType="String"
		resultType="cart">
		select
		ab.productname,ab.memberid,ab.productno,ab.quantity,cc.colorname,ss.sizekind,p.price
		from
		(select c.productname,m.memberid,p.productno,c.colorno,c.sizeno, c.quantity
		FROM CART C, MEMBER M, PRODUCT P
		WHERE P.PRODUCTNAME = C.PRODUCTNAME AND C.MEMBERID = #{memberid}
		order by rownum desc) ab ,COLOR cc,SIZES ss, product p
		where ss.productno = cc.productno and ab.colorno = cc.colorno and ab.sizeno
		= ss.sizeno
	</select>
 	<delete id="deleteCart" parameterType="map">
		delete from cart
		where memberid = #{memberId} and productno = #{productno}
	</delete>
 	<select id="selectCart" parameterType="map" resultType="int">
		select count(*) from cart where memberid = #{memberid} and productname =
		#{productname} and colorno = #{colorno} and sizeno = #{sizeno}
	</select>
 	<select id="ProductDetailView" parameterType="String"
		resultType="product">
		select * from product where productno = #{productno}
	</select>
 	<select id="selectProductColorList" parameterType="String"
		resultType="color">
		SELECT * FROM color WHERE PRODUCTNO = #{productno}
	</select>
 	<select id="selectProductDetailList" parameterType="String" resultType="product">
		select PRODUCTNO, PRODUCTNAME, PRICE, CONTENT from product
		where categoryno = #{categoryno}
 	</select>
 	<select id="selectCartDTO" parameterType="cart"
		resultType="cart">
		select
		ab.productname,ab.memberid,ab.productno,ab.quantity,cc.colorname,ss.sizekind,p.price
		from
		(select c.productname,m.memberid,p.productno,c.colorno,c.sizeno, c.quantity
		FROM CART C, MEMBER M, PRODUCT P
		WHERE P.PRODUCTNAME = C.PRODUCTNAME AND C.MEMBERID = #{memberid}
		order by cartdate desc) ab ,COLOR cc,SIZES ss, product p
		where rownum=1 and ss.productno = cc.productno and ab.colorno = cc.colorno
		and ab.sizeno = ss.sizeno
	</select>
 	<update id="updateQuantity" parameterType="cart">
		UPDATE cart c SET
		c.quantity = c.quantity + #{quantity}
		WHERE
		memberid = #{memberid} and productname = #{productname} and colorno = #{colorno} and sizeno = #{sizeno}
	</update>
	<select id="selectProductSizesList" parameterType="String"
		resultType="sizes">
		SELECT * FROM SIZES WHERE PRODUCTNO = #{productno}
	</select>
</mapper>











