<?xml version="1.0" encoding="UTF-8"?>
<!DOCTYPE mapper
  PUBLIC "-//mybatis.org//DTD Mapper 3.0//EN"
  "http://mybatis.org/dtd/mybatis-3-mapper.dtd">
<mapper namespace="com.project.mapper.ProductMapper">
	
	<!-- <select id="selectProductList" resultType="product">
 		SELECT P.PRODUCTNO,P.PRODUCTNAME,PC.CATEGORYNAME,PS.SIZEKIND,PCO.COLORNAME,P.COST,P.PRICE,P.INQUANTITY,P.PRODUCTSTOCK,P.RECEIVINGDATE 
        FROM PRODUCT P ,PRODUCTCATEGORY PC, PRODUCTCOLOR PCO, PRODUCTSIZE PS
        WHERE P.PRODUCTNO = PC.PRODUCTNO(+) AND P.PRODUCTNO = PCO.PRODUCTNO(+) AND P.PRODUCTNO = PS.PRODUCTNO
 	</select> -->
	<select id="selectProductList" resultType="product">
 		select * from product
 	</select>
	<select id="selectProductDTO" parameterType="String" resultType="product">
		select * from PRODUCT where PRODUCTNO = to_char(${productno})
	</select>
	<select id="selectFilePath" parameterType="String" resultType="file">
 		select * from PRODUCTPHOTO where PRODUCTNO = #{productno}
 	</select>
 	<select id="selectProductNO" resultType="String">
 		select product_no.nextval from dual
 	</select>
 	<select id="selectFile" parameterType="map" resultType="String">
 		select photopath from PRODUCTPHOTO where PRODUCTNO = #{productno} and PRODUCTPHOTONO = #{productphotono}
 	</select>
 	<delete id="deleteProduct" parameterType="String">
			DELETE FROM PRODUCT WHERE PRODUCTNO = #{INDEX}
	</delete>
	<!-- insertProduct -->
	<!-- 
	<insert id="insertProduct" parameterType="product">
	insert into product(PRODUCTNO,PRODUCTNAME,RECEIVINGDATE,PRODUCTSTOCK,INQUANTITY,COST,PRICE,color,category,sizename) 
	values(#{productno},#{productname},#{receivingdate},#{productstock},#{inquantity},#{cost},#{price},#{color},#{category},#{sizename}) 
	</insert>
	 -->
	 <insert id="insertProduct" parameterType="product">
		insert into
		product(PRODUCTNO,PRODUCTNAME,RECEIVNGDATE,PRODUCTSTOCK,INQUANTITY,COST,PRICE,colorno,categoryno,sizeno)
		values(#{productno},#{productname},#{receivngdate},#{productstock},#{inquantity},#{cost},#{price},#{colorno},#{categoryno},#{sizeno})
	</insert>
	<insert id="insertFileList" parameterType="file">
 		insert into PRODUCTPHOTO(productno,productphotono,photopath)
 		values(#{productno},#{productphotono},#{photopath})
 	</insert>
 	<select id="selectcategoryList" resultType="category">
 		SELECT * from productcategory
 	</select>
 	
	<insert id="insertCartProduct" parameterType="cart">
      insert into cart(productname, colorno, quantity, sizeno, memberid, price,cartdate)
      values(#{productname},#{colorno}, #{quantity} ,#{sizeno}, #{memberid},#{price},
      sysdate)
   </insert>
 	<select id="selectCartProduct" parameterType="String"
      resultType="cart">
      select c.*,s.sizekind,co.colorname from cart c,sizes s,color co
      where c.memberid = #{memberId} and  c.sizeno= s.sizeno and c.colorno = co.colorno
   </select>
 	<delete id="deleteCart" parameterType="map">
		delete from cart
		where memberid = #{memberId} and productno = #{productno}
	</delete>
 	<select id="selectCart" parameterType="map" resultType="int">
		select count(*) from cart where memberid = #{memberid} and productname =
		#{productname} and colorno = #{colorno} and sizeno = #{sizeno}
	</select>
 	<select id="ProductDetailView" parameterType="String"
		resultType="product">
		select * from product where productno = #{productno}
	</select>
	<select id="selectProductColorList" parameterType="String"
      resultType="color">
      SELECT c.colorno,c.colorname FROM color c WHERE c.colorno in (select p.colorno from product p where p.productname = #{productname})
   </select>
   <select id="selectProductSizesList" parameterType="String"
      resultType="sizes">
      SELECT s.sizekind,s.sizeno FROM sizes s WHERE s.sizeno in (select p.sizeno from product p where p.productname = #{productname})
   </select>
 	<select id="selectProductDetailList" parameterType="String" resultType="product">
		select PRODUCTNO, PRODUCTNAME, PRICE, CONTENT from product
		where categoryno = #{categoryno}
 	</select>
 	<select id="selectCartDTO" parameterType="cart" resultType="cart">
      select c.*,s.sizekind,co.colorname from cart c,sizes s,color co
      where c.memberid = #{memberid} and #{sizeno} = s.sizeno and #{colorno} = co.colorno and c.sizeno = #{sizeno} and c.colorno = #{colorno}
   </select>
 	<update id="updateQuantity" parameterType="cart">
      UPDATE cart c SET
      c.quantity = c.quantity + #{quantity} , c.cartdate = sysdate
      WHERE
      memberid = #{memberid} and productname = #{productname} and colorno = #{colorno} and sizeno = #{sizeno}
   </update>
	<select id="selectColorList"  resultType="color">
          select colorno,colorname from color
   </select>
   <select id="selectSizeList"  resultType="sizes">
          select sizeno,sizekind from sizes
   </select>
</mapper>











