<?xml version="1.0" encoding="UTF-8"?>
<!DOCTYPE mapper
  PUBLIC "-//mybatis.org//DTD Mapper 3.0//EN"
  "http://mybatis.org/dtd/mybatis-3-mapper.dtd">
<mapper namespace="com.project.mapper.BoardMapper">
	<select id="selectNoticeContent" parameterType="String" resultType="ntMain">
		<![CDATA[
		select tp.*
		from(
		select nnnp.*, ceil(rwno/5) as pageNo
		from(
		select nnp.*, rownum as rwno
		from (
		select n.noticeno as noticeno,
		n.title as title, substr((REGEXP_REPLACE(n.content, '<[^>]*>', ' ')),0,200) ||
		case when length(REGEXP_REPLACE(n.content, '<[^>]*>', ' '))> 200 then '...' else '' end as content, photopath,
		n.writer as writer, to_char(n.wdate,'YYYY/MM/DD') as wdate
		from notice n, 
		
		(select 
		distinct(noticeno),
		substr((first_value(photopath) over(partition by noticeno order by photono))
		,instr((first_value(photopath) over(partition by noticeno order by photono)),'img\')) as photopath
		from noticephoto
		) np
		where n.noticeno = np.noticeno(+)
		order by n.wdate desc
		) nnp
		) nnnp
		) tp
		where pageNo = #{pageNo}
		]]>
	</select>
	<select id="selectNoticeCount" resultType="int">
		select count(*) from notice
	</select>
	<select id="selectImageFile" parameterType="String" resultType="String">
		select photopath from NOTICEPHOTO where photono = #{photono}
	</select>
	<select id="selectBoardImageNo" resultType="String">
		select ntphotono_seq.nextval from dual
	</select>
	<insert id="insertBoardImage" parameterType="map">
		insert into NOTICEPHOTO values(#{photono},#{path},#{noticeno})
	</insert>
	<select id="selectNoticeNo" resultType="String">
		select noticeno_seq.nextval from dual
	</select>
	<insert id="insertNoticeBoard" parameterType="notice">
		insert into notice(noticeno,title,content,wdate,writer)
		values(#{noticeno},#{title},#{content},sysdate,#{writer})
	</insert>
	<insert id="insertFileList" parameterType="file">
		insert into noticefile
		values(#{productno},#{productphotono},#{photopath})
	</insert>
	<select id="selectNoticeDetail" parameterType="String" resultType="notice">
		select noticeno,title,content,writer,to_char(wdate,'yyyy/MM/dd') as wdate from notice where noticeno = #{noticeno}
	</select>
	<delete id="deleteNotUploadImg" parameterType="int">
		delete from noticephoto where photono = #{imgNo}
	</delete>
	<select id="selectAllImgNo" parameterType="String" resultType="int">
		select photono from noticephoto where noticeno = #{noticeno}
	</select>
	<select id="selectNotUploadFileLoc" parameterType="int" resultType="String">
		select photopath from NOTICEPHOTO where photono = #{imgNo}
	</select>
	<update id="updateNoticeContent" parameterType="notice">
		update notice set title = #{title}, content = #{content}, wdate = sysdate
		where noticeno = #{noticeno}
	</update>
	<select id="selectNoticeReply" parameterType="String" resultType="noticere">
		select noticeno, replyforno, content, rdate, writer, replyno, memberid
		from noticereply
		where noticeno = #{noticeno}
	</select>
	<insert id="insertNoticeReply" parameterType="noticere">
		insert into noticereply(noticeno,replyforno,content,rdate,writer,replyno,memberid)
		values (#{noticeno},0,#{content},sysdate,#{writer},noticereplyno_seq.nextval,#{memberid})
	</insert>
	<insert id="insertNoticeReplyRe" parameterType="noticere">
		insert into noticereply(noticeno,replyforno,content,rdate,writer,replyno,memberid)
		values (#{noticeno},#{replyno},#{content},sysdate,#{writer},noticereplyno_seq.nextval,#{memberid})
	</insert>
	<delete id="deleteNoticeContent" parameterType="String">
		delete from notice
		where noticeno = #{noticeno}
	</delete>
	<select id="selectNoticeRecent3Reply" resultType="noticere">
		<![CDATA[
		select n.*
		from(
		select noticeno,replyforno,
        case when length(content) >= 50 then substr(content,0,50) || '...' else content end as content,
        rdate,writer,replyno,memberid
		from noticereply
		order by rdate desc) n
		where rownum <= 3
		]]>
	</select>
	<select id="selectNoticeRecent3" resultType="ntMain">
		<![CDATA[
		select nnp.*
		from(   
		select
		n.*, np.photopath
		from
		(select noticeno, 
		case when length(title) >=15 then substr(title,0,15) || '...' else title end as title
		, wdate
		from notice
		order by wdate desc) n,
		(select 
		distinct(noticeno),
		substr((first_value(photopath) over(partition by noticeno order by photono))
		,instr((first_value(photopath) over(partition by noticeno order by photono)),'img\')) as photopath
		from noticephoto
		) np
		where n.noticeno = np.noticeno(+)
		order by wdate desc
		) nnp
		where rownum <= 3
		]]>
	</select>
	<delete id="deleteNoticeImgLoc" parameterType="String">
		delete from NOTICEPHOTO
		where noticeno = #{noticeno}
	</delete>
	<delete id="deleteCartList" parameterType="map">
		delete from cart 
		where memberid = #{id} and
		productno = #{productno}
	</delete>
	<delete id="deleteNoticeReply" parameterType="String">
		delete from noticereply
		where replyno = #{replyno}
	</delete>
	<select id="selectNoticeSearch" parameterType="map" resultType="ntMain">
		<![CDATA[
		select tp.*
		from(
		select nnnp.*, ceil(rwno/5) as pageNo
		from(
		select nnp.*, rownum as rwno
		from (
		select n.noticeno as noticeno,
		n.title as title, substr((REGEXP_REPLACE(n.content, '<[^>]*>', ' ')),0,200) ||
		case when length(REGEXP_REPLACE(n.content, '<[^>]*>', ' '))> 200 then '...' else '' end as content, photopath,
		n.writer as writer, to_char(n.wdate,'YYYY/MM/DD') as wdate
		from notice n, 
		
		(select 
		distinct(noticeno),
		substr((first_value(photopath) over(partition by noticeno order by photono))
		,instr((first_value(photopath) over(partition by noticeno order by photono)),'img\')) as photopath
		from noticephoto
		) np
		where n.noticeno = np.noticeno(+) and
		n.title like '%' || #{search} || '%'
		order by n.wdate desc
		) nnp
		) nnnp
		) tp
		where pageNo = #{pageNo}
		]]>
	</select>
	<select id="selectNoticeSearchCount" parameterType="String" resultType="int">
		select count(*) from notice where title like '%' || #{search} || '%'
	</select>
	<select id="selectFileList" parameterType="String" resultType="fileup">
		select * from noticefile where noticeno = #{noticeno} 
	</select>
	<select id="selectNoFile" parameterType="map" resultType="String" >
 		select path from noticefile where noticeno = #{noticeno} and fno = #{fno}
 	</select>
</mapper>